portfolio,website,year,emails,summary
"4me, Inc.https://www.4me.com/",18-May,Enables Selective Outsourcing,,
AitoeLabs,http://www.aitoelabs.com,18-May,,Transforming Video Analytics for Security with Customized Deep Learning
Cattle Care,http://cattle-care.com/,18-May,moo@cattle-care.com,Dairy Farms Without Humans
Cogitai,http://www.cogitai.com/,18-May,,Creating the Next Revolution in AI: Continual Learning Will Allow Machines to Improve at Everything They Do Continually and Autonomously
GridRaster,https://www.gridraster.com/,18-May,info@gridraster.com,Build a Cloud-Based Platform for Powering High Quality AR/VR on Mobile Platforms
Integry,https://integry.io,18-May,hello@integry.io,In-app Integrations to Any Other App
Intensivate,http://intensivate.com/,18-May,,PCIe Accelerator Card for Scale Out Workloads Offers 12x Performance. For Work Not Serviced by GPU and Similar (10B+ Market).
Lightbox VR,http://www.lightboxvr.io/,18-May,hello@lightboxvr.io,Automated 3D Scans of Products to Enable Next-Gen Retail Experiences
Loadtap,http://www.loadtap.com/,18-May,sales@loadtap.com,Digital Freight Matching as a Service for Shippers
Ondaka,http://ondaka.com/,18-May,,Making Industrial Knowledge Accessible with Data-Rich 3D Models of Sites and Deep-Learning Driven Insights for Top-Line Growth and OPEX Improvement
Tarsier,https://tarsier.co,18-May,"eam@tarsier.co
template.placeholder@gmail.com",Drone Detection for the Masses
Tika,https://www.tika.ai/,18-May,"info@mysite.com
info@tika.ai",Your AI Assistant for Agile Leadership
TorchFi,https://www.torchfi.com/,18-May,hello@torchfi.com,Monetize WiFi Hotspots by Converting it into an On-premise Sales Channel. Validated with WiFi Waiter for Food Ordering at Hotels Resorts and Event Venues.
Ubiquios,https://www.ubiquiostechnology.com/,18-May,,A Full Stack for IoT Edge Devices. Used by Qualcomm Kyrio and Catena. We Simplify the Development of IoT Devices Resulting in Lower Cost Faster Time to Market and Fully Featured Devices.
VadR,https://www.vadr.io/,18-May,"contactus@vadr.io
abhishek@vadrnet.com",Increasing Engagement for VR/AR Content Creators with Analytics
Vorga,http://www.vorga.io/,18-May,"hello@vorga.io
cathie.condron@vorga.io",The Ultimate IoT Solution that Lets Cannabis Farmers Grow Smart
Acuity.AI,http://www.acuityai.video,18-Jan,,Software Service that Uses Breakthrough AI-Technology to Enable Commerce through Video by Making Videos Shoppable
Arrivy,https://www.arrivy.com,18-Jan,,"
Atalaya,https://atalaya.io/,18-Jan,Help Teams to Productionize Machine Learning 10x Cheaper"""
Back4app,https://www.back4app.com/,18-Jan,admin@back4app.com,Backend Platform for SaaS Applications
Carta Healthcare Inc.,http://carta.healthcare/,18-Jan,anna@carta.healthcare,An Analytics Engine for Data-driven Operational and Clinical Effectiveness
Clear Genetics,http://www.cleargenetics.com,18-Jan,,A Leader in Developing Technology to Scale the Delivery of Genomic Services and Increase Access to Genomic Expertise. Our Chatbot Platform Provides Personalized Genomic Information Consistently and Cost-Effectively Allowing to Incorporate Genomics More Broadly into Patient Care
Cognito Networks,https://www.CognitoNetworks.com,18-Jan,knagesh@cognitonetworks.com,Automate Building Operations for HVAC Lighting and Safety and Security and Save 20-35% in Energy and Operational Costs
Convey Software,https://convey.tech/,18-Jan,,Sentiment Analysis Search Engine & Dashboard Supplementing Traditional Polling and Surveys for Campaigns and Marketers
Deep Science AI,http://deepscience.ai/,18-Jan,info@deepscience.ai,Human-In-The-Loop AI Platform for Active Threat Detection Inside of Retail Businesses and Public Spaces
docCheer,https://www.docCheer.com,18-Jan,,Predictive Sales and Marketing for Medical Device Companies
Glidian,https://www.glidian.com/,18-Jan,,Streamlining Communication Between Healthcare Providers and Health Plans
Hexa,https://hexa.ai/,18-Jan,contact-us@hexa.ai,Replacing SDRs with AI
iTOi,https://seeitoi.com,18-Jan,"support@seeitoi.com
socialmedia@seeitoi.com",Artificial Intelligence Enabled SaaS Platform that Democratizes Making Engaging User Generated Videos
Netifi,https://netifi.com/,18-Jan,info@netifi.com,Enterprise Microservice Platform that Lowers Development Costs Infrastructure Costs and Speeds Time to Market
NFWare,http://www.nfware.com,18-Jan,"job@nfware.com
sales@nfware.com",World’s Fastest Network Virtualization Software that Replaces Proprietary Network Hardware
NuntioLabs,http://www.nuntiolabs.com/,18-Jan,,Semantic Intelligence for High-Performant Marketing Content Creation
Ozonetel,http://ozonetel.com/,18-Jan,10315@sbcus2.cloudagent.io,Intelligence Driven Contact Center As A Service – Easy to Use FULL STACK Browser Based Contact Center
Postverta,https://www.postverta.com/,18-Jan,,Online Software Development Platform for Cloud Apps
Quantum Insights,http://www.quantuminsights.io/,18-Jan,,Finds Hidden Meaning in Complex Data Using Physics and Quantum Mechanics
SafeSkies Systems,https://safeskies.io,18-Jan,,Making Commercial Drones Safer
SoundRex,https://www.soundrex.com,18-Jan,emc@soundrex.com,Real Time Wireless Transmission of High Fidelity Audio
TERBINE,http://www.terbine.com/,18-Jan,,The First Commercial Exchange for IoT Data
Zenith Aerospace,http://www.aatonomy.com/,18-Jan,team@aatonomy.com,24/7 Live Earth Monitoring by Solar Unmanned Aircraft Of Perpetual Flight
Aatonomy,https://www.aatonomy.com/,17-Sep,team@aatonomy.com,Legacy Hardware Companies Use Aatonomy to Add Machine Learning Capabilities to their Products Without In-House Expertise
Authenticiti,http://authenticiti.io/,17-Sep,,A Blockchain Based Platform and Network for the Industrial Supply Chain and Aftermarket
Blitzz,http://www.blitzz.co/,17-Sep,,A Video AI and AR Powered Workflow Platform for Field Service Teams. This Platfrom is to Provide Exceptional Support Especially for Physical Equipment Devices and Hardware Where Visualization is the Cornerstone of Support.
Ceevra,http://www.ceevra.com/,17-Sep,,Our FDA-Cleared Cloud-based Mobile Software Application is Designed to Help Surgeons Develop More Accurate and Confident Surgical Plans through Advanced Medical Images and Data Analytics.
Cleo,https://www.trycleo.com/,17-Sep,"founders@trycleo.com
support@cleoapp.io
founders@cleoapp.io
sales@cleoapp.io",AI-Based Customer Intelligence Platform
Faber,http://www.faberconnect.com/,17-Sep,"group@labourtoday.com
team@faberconnect.com",A Platform that Connects Construction Companies to Construction Workers
FORCE,https://emotion.family/,17-Sep,,Stress Tracker for Seniors
Groove,http://groovebrands.com/,17-Sep,info@groovebrands.com,Talent Marketing Platform Designed to Help Enterprise Companies Source Talent from Facebook
Hirevisor,https://www.hirevisor.com/,17-Sep,contact@hirevisor.com,Peer-to-Peer Talent Acquisition
MoData,http://www.mo-data.com/,17-Sep,"info@mo-data.com
support@mo-data.com",Predictable Revenue Acceleration for B2B Enterprises. Driven by Exceptional Sales Funnel Visibility and AI Powered Actionable Suggestions.
Mycrophone,http://www.mycrophone.me/,17-Sep,andrew@mycrophone.me,Low Latency Audio Platform that Turns Mobile Devices into Wireless Microphones
Parabol,http://www.parabol.co/,17-Sep,"love@parabol.co
admin@parabol.co",Prioritization and Employee Progression for Modern Teams
SalesRep.ai (Previously Bouncehelp),http://salesrep.ai/,17-Sep,info@salesrep.ai,We Use AI to Help Companies Follow Up with their Leads 10x More Effective
Snapwire,https://snapwi.re,17-Sep,"hello@snapwi.re
chad@snapwi.re",A Content-as-a-Service Platform that Provides a Scalable Solution for Custom Visual Content for the Enterprise. We Attack A 10B Commercial Photo Licensing Market.
Sparkflows.io,https://www.sparkflows.io,17-Sep,support@sparkflows.io,10X Faster Big Data Analytics & Applications
Tooso,http://tooso.ai/,17-Sep,,AI Technology to Bring Intelligent Search to ECommerce
Wivity,https://www.wivity.com/,17-Sep,,“Twilio for IoT Security.” Wivity Secures Your IoT Device with One Line of Code. From the Team that Built www.mirrorlink.com
Amper,https://www.amper.xyz/,17-May,hello@amper.xyz,Helps Plant Managers in Factories Increase Machine and Labor Productivity by Having Real-Time Access to Key Metrics of Machines. Data is Captured Using a Simple Non-Invasive Retrofit Sensor that Monitors Across Machine-Types.
ContextSmith,https://www.contextsmith.com,17-May,"privacy@contextsmith.com
info@contextsmith.com
support@contextsmith.com",Enterprise Sales and Expansion Platform that Uses AI to Maximize Revenue for Sales and Account Management Teams.
Deep Relevance,https://www.deeprelevance.com,17-May,,Internal Fraud Monitoring Platform that Uses Behavioral AI to Help Finance & Audit Teams Prevent Employee & Vendor Fraud.
Edyza,http://www.edyza.com,17-May,sales@edyza.com,High Density Internet of Things for Industrial IoT Smart Agriculture and other Use Cases that Involve Scaling Sensors and Actuators to 1000s in Close Proximity.
Enwoven,http://thehistoryproject.com,17-May,,Visual Collaboration Tool that Empowers Enterprises to Intelligently Capture Share and Present Organizational Knowledge.
Everykey,https://everykey.com/,17-May,"support@everykey.com
press@everykey.com",The Revolution of Access Control – Everykey Can Unlock Your Phone Laptop Car House or Any Other Device When You’re Close By And Also Log You Into Your Website Accounts!
Farmwise (Previously DeepLook),http://farmwise.io,17-May,contact@farmwise.io,Sustainable Farming at Scale.
Flowzo,https://flowzo.com,17-May,"team@flowzo.com
contact@flowzo.com",Uplifting Neighborhoods by Solving the Last Mile.
Fuse Inventory,http://fuseinventory.com,17-May,fuse@fuseinventory.com,Next Generation Inventory Software. In the US $1 Trillion or 20% of Retail Sales are Lost every Year Because of Stockouts and Overstocks. We Prevent this Loss by Algorithmically Generating a Demand Forecast and Centralizing it with Real-time Sales Inventory and Procurement Data.
HydroVirga,https://hydrovirga.com,17-May,info@hydrovirga.com,High Sensitivity NMR Detection for Elemental Analysis in Water. Our Unique IP Allows for Detection of Trace Contaminants in Real Time Using Micro NMR Technology.
MeetingSift,http://www.meetingsift.com,17-May,info@meetingsift.com,AI Driven Meeting Collaboration Platform that Delivers Deep Actionable Insights from Meetings Across the Enterprise.
Moesif,http://www.moesif.com,17-May,"maryjane@acmeinc.com
johndoe@acmeinc.com
testrubyapi@user.com
privacy@moesif.com
mary@gmail.com
john@gmail.com
team@moesif.com
support@moesif.com
security@moesif.com
apiguide@moesif.com",Platform That Makes Sense of the World’s API Data to Change How APIs Are Created Debugged and Used. We are to the API Economy What New Relic Did for the APM Space.
Nobal Technologies,http://www.nobal.ca/,17-May,privacyofficer@nobal.com,The iMirror is the World’s Most Advanced Interactive Mirror – Helping Retail Connect with Consumers in the Fitting Room – Where Buying Decisions are Made.
Privacera,https://www.privacera.com,17-May,,Data Security Platform for Enterprises to Manage and Mitigate Risks with Sensitive Data in One Place.
Stellic (Previously Metis Labs),https://metislabs.io/,17-May,,Collaborative Platform to Help Students Plan their College Journey and Stay on Track; Built by Students for Students; Solves Growing Student Retention Problem Faced by Higher Ed.
Strypes,https://strypes.co/,17-May,,The Strypes Platform is Transforming E-Commerce with 3D Visuals.
Uptime (Previously EyePiece),http://www.uptime.ai,17-May,,Building a Smarter Industrial Communication System Using Wearables.
Visage,https://www.visage.jobs,17-May,team@visage.jobs,Smart Crowdsourcing Platform Allowing Companies to Find and Engage Instantly with Diverse Talent.
Adenda,http://adendamedia.com,17-Jan,,Next-Generation Push Notifications for Android.
Amber Agriculture,http://www.amber.ag/,17-Jan,,Automates Grain Management for Farmers Using Wireless Sensors and Data Analytics
Atipica,http://www.atipica.co/,17-Jan,,Cloud-Based Optimization Service for Applicant Databases
Bloxable,http://bloxable.com/,17-Jan,,Blockchain-Powered Smart-Contracts Solutions for the $2.5 Trillion Securitization Market in the Financial Industry.
Cloudastructure,http://cloudastructure.com,17-Jan,info@cloudastructure.com,Cloud-Controlled Infrastructure for Enterprise Physical Security. Computer Vision and Machine Learning Applied to Access Control and Video Surveillance Together in a Cloud Model.
CryptoMove,https://www.cryptomove.com/,17-Jan,"info@cryptomove.com
billy@cryptomove.com",Active Defense Data Protection
Cue,http://cuedevice.com,17-Jan,info@roxydevice.com,Speech Enabled Device that Provides Domain-Specific On-Site Information and Services. Starting with Hotels Where We Are Live and Have Paid Contracts Each Worth $20K+ in ARR.
Eloquent Labs,https://www.eloquent.ai/,17-Jan,name@company.com,Builds High Quality AI Customer Service Agents
HotSwitch,https://hotswitch.com/enterprise,17-Jan,,A Social TV Layer for Media Enterprise. Keep your TV Audience Engaged Across your Web Mobile and Smart TV Apps. Realtime Viewership Sentiment and Engagement Analytics.
Jirav,http://jirav.com,17-Jan,"support@jirav.com
press@jirav.com
20support@jirav.com
team@jirav.com
team@jirav.vom",Smarter Financials Faster Insights. Intuitive Integrated Real-Time Analytics for SMB Finance.
Mokumoku,http://mokumoku.io,17-Jan,"hello@mokumoku.io
mike@mokumoku.io",Wireless Gigabit Internet for Everyone. Broadband Users are Demanding Better Connectivity But Fiber to the Home Deployments Have Failed Due to Cost and Scale Problems. We Connect the Last 100s of Meters Using Our Proprietary Wireless 60 Ghz Mesh Technology And Enabling Gigabit-To-The-Home Service
Plan,http://getplan.co,17-Jan,,Builds Software that Organizes Work. It Uses AI to Help Teams Execute Projects Saving Employees and Managers 30% of their Time
Prodigy,https://getprodigy.com/,17-Jan,you@something.com,The System of Transaction for Modern Car Dealerships. The Prodigy Platform Increases Car Sales Enhances the Customer Experience and Boosts Sales Efficiency by Nearly 500%.
Pubinno,http://pubinno.com,17-Jan,info@pubinno.com,Smart Taps for the Perfect Beer. Pubinno’s Taptronics Smart Beer Tap Serves Perfect Beer with its Patent Pending Robotics and Control Algorithm. It also Reduces Waste and Makes All Sales Inventory and Maintenance Records Available Online. With Taptronics Consumers Get Perfect Beer Bar Managers Increase Profits and Brands Can Access Real Time Sales Inventory and Quality Data and Ensure Quality Standardization Across All Sales Outlets.
"Qidza,  Inc",http://www.qidza.com/,17-Jan,info@babynoggin.com,App Platform for Parents to Screen for Developmental Delays (Like Autism) at Home and for Pediatricians to be Adherent to Medical Guidelines while Getting Paid.
Shortlist,https://shortlist.co,17-Jan,"support@shortlist.co
privacy@shortlist.co
name@business.com",SaaS Platform for the Gig Economy – Helping Companies Find and Manage their External Workforce (Freelancers Contractors And Vendors).
SupplyAI,http://supply.ai,17-Jan,"connect@supply.ai
india@dataculture.in
info@massivedynamic.com
workwithus@supply.ai",Vertical AI Platform to Help Clothing Retailers to Turn Returns into a Profit Opportunity. App Performance Results in 20x Increase in Retained Revenues Avoiding Returns Costs and Improving Customer Experience.
Tallyfy,https://tallyfy.com,17-Jan,"amit@tallyfy.com
hey@tallyfy.com
hey@yallyfy.com
hello@tallyfy.com",Tracks and Improves Any Workflow in Real-time. $600k in Pilot Revenue. Daily Active Users Growing 20% MoM and MRR Growing 30% MoM.
Uniquid Inc,http://uniquid.co./,17-Jan,,Decentralized Identity and Access Management Platform to Provide Digital Keys and Security via Blockchain for the Physical World of Devices Facilities or Entire Businesses
Choice AI,https://choice.ai,16-Sep,,Shopper Exchange Network for e-Commerce Stores.
Clouber.io,http://clouber.io/,16-Sep,,Migration As A Service (Maas) Platform to Securely Migrate to and From Public and Private Clouds and Manage Their Assets in Real Time.
Data Fellas,http://www.data-fellas.guru/,16-Sep,,Brings Sustainability to Data Science in Enterprises. The Solution Enables Deployment in Production of Data Science Work and Collects Knowledge From All Activities in the Data Development Teams to Enable Efficient Data Science in the Global Enterprise.
Flowcast,http://flowcast.ai/,16-Sep,"career@flowcast.ai
info@flowcast.ai",Provides an Open API to Make it Easy for B2B Marketplaces to Offer Financing Seamlessly.
Geospago,https://geospago.co/,16-Sep,info@geospago.com,The Enterprise Mobile Platform for Organizations to Track Monitor and Manage Field Assets and Related Operations in Real Time.
GoodTime.io,https://www.goodtime.io,16-Sep,"privacy@goodtime.io
support@goodtime.io
community@goodtime.io
editor@goodtime.io
hello@goodtime.io
name@company.com
sales@goodtime.io",Uses Employee Data to Schedule Interviews Faster and Cheaper for Enterprises.
"Keewi,  Inc",http://www.keewisolutions.com/,16-Sep,,An IoT Software Company that Uses the Power of Big Data and Machine Learning to Make Buildings Smart and Efficient Without Rebuilding Them.
LeadIQ,http://www.leadiq.com/,16-Sep,,Provides Sales Prospecting & Automation to Help Sales & Marketing Teams Capture Leads from Social Networks.
"Lendsnap,  Inc.",http://lendsnap.com/,16-Sep,orion@lendsnap.com,Linking Borrower Financial and Income Accounts Into Secure Financial Passports™ to Automate the Mortgage Document Hassle and Build the First True Mortgage Marketplace.
Puloli,http://www.puloli.com/,16-Sep,info@puloli.com,Provides Network as a Service (Naas) for Wide Area Wireless Connectivity. Enables Non-Telco Players to Directly Reach End Consumers Bypassing Legacy Telco Providers. 10x Lower Cost of a Megabyte Over Puloli Means Internet of Things (IoT) and Video Delivery are Far More Business Viable Now
RankMyApp,http://rankmyapp.com/,16-Sep,contact@rankmyapp.com,Helps Apps Get More Organic Downloads by Ranking Higher in the App Stores. The Proprietary Algorithm Understands what the Users are Searching for in the App Stores and Gives Automatic Suggestions to Optimize the Marketing Communication. $34K MRR Growing 21% MoM.
Verecho Inc.,http://www.verecho.com/,16-Sep,info@verecho.com,Automating People Knowledge Management for Enterprises.
"AgriData,  Inc.",http://agridata.ai,16-May,cyrille@agridata.ai,Helps Farmers of Trees and Vines Manage Their Yield by Using Machine Learning and Computer Vision.
Byte,http://www.bytefoods.co,16-May,,Helps Feed the 99% of Offices with No Fresh Food on Site. Uses RFID-Enabled Refrigerators to Offer the Most Affordable Fresh Food Solution for Workplaces.
Doxel,http://getdoxel.com/,16-May,,Construction Software for Drones.
Evolute,http://www.evolute.io,16-May,,Develops Enterprise Software Which Enables Cloud IT Leaders to Provision Applications 12x Faster Than VMware While Achieving 2x More Datacenter Density.
FillMyFork,http://www.fillmyfork.com/,16-May,,Outcomes Focused Nutrition Program to Lower Enterprise Healthcare Cost. Employee Engagement 5x Higher than Alternatives.
FunnelBeam,http://www.funnelbeam.com/,16-May,,AI Driven Account Based Sales. Uses Deep Learning Across 1B URLs and Enterprise Silos to Deliver Holistic Account View Deep Sales Signals Personalized Outreach and Next Best Actions for Sales Teams.
Metadata,http://www.metadata.io,16-May,"support@metadata.io
support@metadata.iophone
hello@metadata.io",Fuels Marketing Campaigns With Opt-In Marketing Qualified Leads Using Patent-Pending Technology That Taps Into Your CRM Data To Automatically Analyze And Map Your Target Persona. Metadata Then Uses Look-A-Like Modeling To Target Relevant Prospects To Optimize Your Paid Media Spend And Boost Conversion Rates By 3-5X. Among Our Featured Customers Are Datawatch Atscale Concurrent Cisco UBM Datawatch OOMA And Others.
Mobile Enerlytics,http://mobileenerlytics.com,16-May,"support@mobileenerlytics.com
privacy@mobileenerlytics.com
sales@mobileenerlytics.co
sales@mobileenerlytics.com
hello@mobileenerlytics.com
mail@example.tld
legal@mobileenerlytics.com",End-to-End Solutions that Enable Energy-Aware Mobile App Development.
Multitude,http://www.gomultitude.com/,16-May,,Cloud Software Service For Aggregating Unifying and Interpreting Air Quality Data For Cities and Device OEMs.
Proxloop,http://proxloop.com/,16-May,,Personalizes the Customer Experience In-Store and Help Retailers Make the Creation of Customer Loyalty Easy.
Quantiply Corporation,http://quantiply.com/,16-May,,Delivers Data-Native Self-Learning Applications That Can “Sense And Learn” Which Empowers Business Users in Medium-To-Large Enterprises To Improve Business Outcomes via Continuous Deep Learning.
Resoltz,https://www.resoltz.com/princeton,16-May,"info@resoltz.com
hey@resoltz.com",College and University Wellness Application To Create a Culture of Health Throughout the Country.
Sempre Health,http://www.semprehealth.com/,16-May,team@semprehealth.com,Bringing Behavior-Based Individualized Pricing to Healthcare.
Swipes,http://swipesapp.com/,16-May,"yana@swipesapp.com
tihomir@swipesapp.com",Collaboration Tool that Helps Teams Easily Manage Projects By Integrating the Entire Process in One Place (Gmail Slack Dropbox Office 365 etc).
Volans-i,http://www.volans-i.com/,16-May,"team@volans-i.com
join.us@volans-i.com",Fastest & Cheapest On-Demand Delivery Service For Time-Sensitive Items Using High-Speed Long-Range Drones.
WeLink,http://welink.com/,16-May,,Deep Learning Platform for Identifying Threats on Social Media.
YotaScale,http://www.yotascale.com/,16-May,info@yotascale.com,Enterprise-Grade Cloud Systems Management Platform That Balances Performance Availability Security And Cost Across The Customer’s Cloud Infrastructure Deriving The Optimal Operating Parameters And Then Managing It All Autonomously.
Amodo,http://www.amodo.eu/,16-Jan,contact@amodo.eu,"Connected Insurance Client Platform. Insurers Can Connect With Clients Through IoT Consumer Devices, Improving The Risk Prediction Capability And Building Communication Channels.,"
Crysp,http://www.crysp.com/,16-Jan,contact@crysp.com,Smart User Verification and Fraud Detection Leveraging Context and Behavioral Biometrics
DeferPanic,https://deferpanic.com/,16-Jan,,Eliminating Security Problems Every Company Has With Unikernel Based Infrastructure.
Freemit,http://freemit.com,16-Jan,,Makes It Easy and Cheap to Send Spend Pay and Get Money in Multiple Currencies.
NitroCam,http://www.nitrocam.io/,16-Jan,info@nitrocam.io,Transforms Passive Stale Cameras Into Smart Connected Objects.
PalleTech,http://palletech.co/,16-Jan,info@palletech.co,Makes Sure Companies Never Lose Sight Of Their Cargo.
Performance Sherpa,http://www.theperformancesherpa.com/,16-Jan,,Peak Performance For Your Big Data Apps.
Pomello,https://www.pomello.com/,16-Jan,"hello@pomello.com
careers@pomello.com
support@pomello.com",Employee Lifecycle Analytics As A Service.
Quicklogix,http://www.quicklogix.com/,16-Jan,,From Questions To Insights In Seconds. Cognitive Data Integration Platform Combined With NLP Based Analytics On Enterprise Data.
RageOn,http://www.rageon.com/,16-Jan,,Merchandising Made Easy.
SalesIntel,http://www.salesintel.com/,16-Jan,,Data Science powers the missing link in Relationship Management for Enterprise Sales.
Skyline,http://www.theSkyline.io,16-Jan,,Framework For Future Enterprises To Build Their Own Fully-Customized Communication
Switch Automation,https://www.switchautomation.com/,16-Jan,"engineering@switchautomation.com
contact@switchautomation.com
support@switchautomation.com
marketing@switchautomation.com
msaylor@switchautomation.com",Enterprise Operations Platform For Portfolios Of Buildings. Connects Systems And Devices To Cloud Hosted Building Management System For Real-Time Monitoring And Controls. Management And BI Application In Days. Looking To Change The Way Enterprise Software Is Developed With 90% Lower Cost And Consumer Mobile App User Experience Without Need For IT Pros Or Consultants.
Ubicall,http://www.ubicall.com/,16-Jan,,Smart Customer Service Through A Code-Free Platform To Visually Route Customers To Different Support Channels On Mobile.
ClearMetal,http://www.clearmetal.com/home,15-Sep,"hello@clearmetal.com
info@clearmetal.com
tholmes@clearmetal.com
chris@clearmetal.com",Data Science to Solve The Most Complex Problems in Shipping & Logistics
CLEER Networks,,15-Sep,,Enables The Delivery Of Highly Interactive Digital Media And Applications From the Cloud — Cloud-Delivered Streaming Games Augmented And Virtual Reality Interactive IPTV Virtual Desktops and So On. The Current “”””Best-Effort”””” Internet Fails Miserably Especially During Peak Hours. Our Approach is Extremely Compelling For It Delivers Extremely High-Performance Networking and Awesome User Experiences While Slashing Infrastructure Costs at the Same Time.
DataWallet,https://www.datawallet.io/,15-Sep,,C2B Data Marketplace That Allows Companies To Source Any Personal Online Data Possible Based Upon Expressive Personal Consumer Consent.
DeltaBid,https://www.deltabid.com/,15-Sep,"rain@deltabid.com
security@deltabid.com
team@deltabid.com",Easy-To-Use Collaboration Tool For Mid-Market Companies For Running RFPs And Managing Supplier Interactions. We Have A Strong Procurement Background With 30+ Years Of Experience.
Lean QbD,http://www.leanqbd.com/,15-Sep,,Saas For Pharmaceutical/Biotech Scientists To Accelerate Drug Development-To-Submission.
Maxerience,http://www.maxerience.com,15-Sep,contact@maxerience.com,Builds Embedded Visual Intelligence Systems For Object Identification And Anamoly Detection In Dynamic Environments Currently Deployed In The Industrial Automation And Retail Spaces.
mPharma,https://www.mpharma.co,15-Sep,,Pharmaceutical Data Analytics And Digital Marketing Provider For Emerging Markets Starting In Africa.
OpenChannel,https://openchannel.io/,15-Sep,support@openchannel.io,Your Own App Marketplace In Minutes. The Only Turnkey Solution That Allows Companies To Create Their Own App Marketplace For Partners And Developers Providing A 10x Reduction In Total Cost Of Ownership And 90% Decrease In Time To Market.
Positron Dynamics,http://www.positrondynamics.com,15-Sep,info@positrondynamics.com,Putting Antimatter To Work.
Rigetti Quantum Computing,http://www.rigetti.com,15-Sep,"careers@rigetti.com
info@rigetti.com
press@rigetti.com
support@rigetti.com",General-Purpose Commercial Quantum Supercomputing Systems.
Timekit,http://timekit.io,15-Sep,"marty.mcfly@timekit.io
doc.brown@timekit.io
yourfriends@timekit.io",Scheduling Infrastructure Built For Developers. An API That Developers Can Use To Build Products With Calendars Scheduling And Appointment Flows Deeply Integrated.
WholeMeaning,http://www.wholemeaning.com,15-Sep,"soporte@wholemeaning.com
prensa@wholemeaning.com
hi@wholemeaning.com
seleccion@wholemeaning.com
contact@wholemeaning.com
ventas@wholemeaning.com",Turns Customer Feedback Into Revenue By Distilling User-Specific Insights For Better Decision Making.
Zycada Networks,http://www.zycada.com,15-Sep,,SDN/SAAS Player Taking A Fundamentally Different Approach To Solving Mobile Network Unreliabilty Caused By Factors Such As Network Congestion Data Packet Loss Etc.
Exabyte.io,http://exabyte.io/,15-May,"info@exabyte.io
hi@exabyte.io",Team of Top Tier Scientists and Engineers Building the Fastest Way to Discover New Materials.
InsideWarehouse,http://www.insidewarehouse.com/,15-May,,Bringing eCommerce Into Every Content Site/App.
Kügar,http://www.kugar.com/,15-May,,Highly Versatile Robotics Platform Providing Solutions in Manufacturing and Materials Handling.
Litmus Automation,http://litmusautomation.com/,15-May,,End-to-End IoT Cloud PaaS for Connecting Devices Sensors or Smart Machines to Enterprise Applications like ERP CRM or Bigdata.
NML Stream,http://www.nightingaleanalytics.com/,15-May,,Decision Software for Streaming Data.
Qbox,http://qbox.io/,15-May,,Elasticsearch as a Service the Hugely Popular Open Source NoSQL Database.
QC Ware,http://qcware.com/,15-May,,Bringing Quantum Computing Power to the Enterprise. We are Developing Application Software that Runs on QC Machines.
Sensorhound,http://www.sensorhound.com/,15-May,,Turnkey Software Solution That Reduces Operations Costs and Improves Reliability and Security of the Internet of Things.
Thinnect,http://www.thinnect.com/,15-May,"product@thinnect.com
someone@mail.com
general@thinnect.com",Enabling Mist Computing for IoT – Eliminating Configuration and Deployment Overheads While Providing a Distributed Embedded Application Platform for IoT.
28msec,http://www.28msec.com,15-Jan,,Virtual Databases
47Line,http://www.47line.com/,15-Jan,,Building Products to Simplify Enterprise Cloud Adoption. The flagship Product Batchly Helps Enterprises Achieve Batch Processing Nirvana Using Public Cloud.
Carrum Health,http://www.carrumhealth.com/,15-Jan,,Marketplace for Planned Healthcare Procedures.
Cellabus,https://www.cellabus.com/,15-Jan,,Device-Centric Classroom Management and Content Distriubtion Platform for the Education Vertical.
Cobalt,https://cobalt.io,15-Jan,"press@cobalt.io
partner@cobalt.io
security@cobalt.io
support@cobalt.io
hello@cobalt.io
demo@cobalt.io
info@cobalt.io",An Application Security Marketplace. We Source Security Researchers From Around the World and Connect Them With Businesses. Crowd-Powered Security Audits and Bug Bounty Programs.
LaunchDarkly,http://launchdarkly.com/,15-Jan,,Modern Product Managment Platform to Manage and Optimize Software.
MoEngage,http://www.moengage.com/,15-Jan,"sales@moengage.com
jobs@moengage.com
sagar@moengage.com
hello@moengage.com
privacy@moengage.com
support@moengage.com
legal@moengage.com",Marketing Automation Platform Pioneering User-Level Personalization Solving the Problem of Churn in Mobile Apps.
NanoPay,https://nanopay.net/,15-Jan,"info@nanopay.net
support@nanopay.net
pr@nanopay.net",Next-Gen Payments Platform for Online and Retail. Secure Fast and Lower Cost.
OneMob,https://www.onemob.com/,15-Jan,"hello@onemob.com
sales@onemob.com
legal@onemob.com",Real-Time Messaging and Engagement Platform for Mobile SaaS.
Pareto Biotechnologies,,15-Jan,,Synthetic Biology Platform to Generate “Designer Molecules.”
Scoro,http://www.scoro.com/,15-Jan,,The Ultimate Control Hub for Companies to Access Manage and Automate Data Across Existing Productivity CRM and Billing Applications.
WorkHands,https://www.workhands.us/,15-Jan,"support@workhands.us
melvin.abano79@gmail.com
privacy@workhands.us
tulsa-welding-school@workhands.us
info@workhands.us
jstokes@cuesta.edu
cuesta-college@workhands.us
amarillo-college@workhands.us
will-c-wood-high-school@workhands.us
email@provider.com",The Blue Collar Web.
Zipline,http://www.retailzipline.com/,15-Jan,"you@work.com
feedback@retailzipline.com
support@retailzipline.com",SaaS Solution that Drives Sales for National Retailers by Improving the Actionable Communication Between HQ and the Stores. Based on 10 Years of Research and Testing Around Store Operations and Performance.
3TEN8,http://www.3ten8.com/,14-Sep,"hhubbeling@stubbsalderton.com
info@3ten8.ai",Autonomous Networks. Using ML and AI to automate network operations.
Featherlight,http://www.featherlight.co/,14-Sep,"me@company.com
hello@workzeit.com",Performance Coaching Platform That Measures & Improves Employee Performance in Real-Time.
Freedcamp,https://freedcamp.com/,14-Sep,"legal+dataprotection@freedcamp.com
help@freedcamp.com
legal@freedcamp.com
sales@freedcamp.com
support@freedcamp.com",Web-Based Collaboration Platform that Consolidates Multiple Tools in One Place Under A Freemium Model.
Groove,http://www.grooveapp.com/,14-Sep,"contact@grooveapp.com
support@grooveapp.com",Quantified Sales. Groove Enables Companies to Collect Relationship Data and Use it to Improve Every Customer Interaction.
Ladera Labs,http://www.laderalabs.com/,14-Sep,,Internet-of-Things Company Focused on Home Automation (Nest for Irrigation).
MindOps,http://mindops.com/,14-Sep,,MindOps is the OS for Recognition on iOS Android Glass. We Have Created the First Deep Learning Based Neural Network for Text.
Perfect Price,http://perfectprice.io,14-Sep,,Price Optimization-as-a-Service Leveraging State of the Art Machine Learning.
Tyche,http://www.tycherisk.co/,14-Sep,,Machine Learning / Artificial Intelligence Legal Claim Valuation.
Xendo,https://xen.do/,14-Sep,,Cloud Search for Business.
3DPrinterOS,http://www.secured3d.com/,14-May,info@fiber.ee,First to Market – 3D Printing Cloud platform with Copyright Encryption and Centralized Command and Control.
BadgerMaps,https://www.badgermapping.com/,14-May,"support@badgermapping.com
dpo@badgermapping.com
pr@badgermapping.com",Mobile Service that Helps Sales People Fit More Meetings into their Day While Increasing the Flow of Data Back into their Company’s CRM System.
Domos Labs,http://www.domos.no/,14-May,"sales@domos.no
info@domos.no",Cloud-based Software for WiFi Routers that Make Connected Home Technology Seamless and Invisible.
Eventable,https://eventable.com/,14-May,"dpo@eventable.com
sales@eventable.com
support@apiary.io
tester@eventable.com
careers+sales@rockerbox.com
privacy@eventable.com
john@example.co
support@eventable.com
careers@rockerbox.com",Building the Event Layer for the Web. Our Tools and APIs Enable Brands and Organizations to Send Events to Any Calendar.
Matternet,http://mttr.net/,14-May,"press@matternet.us
business@matternet.us
contact@matternet.us",UAV Networks for the Transportation of Goods.
Mavin,http://www.mavin.co/,14-May,,Digital Media Platform That Enables Low Cost Mobile Data Plans for Prepaid Smartphone Users.
NeoReach,https://neoreach.com/,14-May,"team@neoreach.com
info@neo.dcode.ro
press@neoreach.com",NeoReach Allows Enterprise Companies to Scale Influencer Marketing Programs. Advertisers Can Buy Traffic Directly from Influencers Using A Cost-Per-Click Model.
Oomnitza,https://www.oomnitza.com/,14-May,"support@oomnitza.com
team@oomnitza.com",Mobile First Enterprise IT Asset Management Solution Focused on the Emerging Connected World That Helps Companies Better Track IT Assets and the Information on Them.
ShoppinPal,http://www.shoppinpal.com/,14-May,,Embeddable M-Commerce Platform that Captures Lost Sales for Brick & Mortar Retailers.
SupplyBetter,,14-May,,Custom mechanical part sourcing. Simplified
Waygum,http://waygum.io/,14-May,,Waygum Offers an End-to-End Mobile App Platform for the IOIT (Internet of Industrial Things or Industrial Internet).
AppSlingr,,14-Jan,,Brings Seamless Access to Desktop Apps from the Web Mobile or Tablet Devices and Integrates with Cloud File Storage Systems.
Assemblage,http://www.cisco.com/web/about/ac49/ac0/ac1/ac259/assemblage.html,14-Jan,"amnichol@cisco.com
ccromwel@cisco.com
bcamoens@cisco.com
sloenber@cisco.com
apoon@cisco.com
cacano@cisco.com
smartconnectedcity@cisco.com
shvaugha@cisco.com
brgong@cisco.com
lohastin@cisco.com
brekarr@cisco.com
mfaulkne@cisco.com
nstebbin@cisco.com
jolean@cisco.com
ralamont@cisco.com
ask-ciscosports@cisco.com
lgaleste@cisco.com
eboogert@cisco.com
rebarros@cisco.com
maokamot@cisco.com
cwoodrow@cisco.com
pgranger@cisco.com
kaakastu@cisco.com
kariscot@cisco.com
jdebutts@cisco.com
rutsanto@cisco.com
ablomqui@cisco.com
beculp@cisco.com
rebergma@cisco.com
connected_trans@cisco.com
carmjone@cisco.com
mpiramoo@cisco.com
rasgowda@cisco.com
jeabeyta@cisco.com
web-help@cisco.com
cdrogemu@cisco.com
aschoaf@cisco.com
allmurph@cisco.com
kmchale@cisco.com
sschucha@cisco.com",Real-time Collaboration with Extremely Simple One-Click Tools: Kollaborate.io Presentation.io and Same.io.
CirroSecure,,14-Jan,,Public Cloud Data Security Monitoring Analytics and Risk Remediation for Fortune 5000 Enterprises.
Drone.io,https://drone.io/,14-Jan,"hello@drone.io
sales@drone.io",Automated Software Delivery Using Docker.
Frontleaf,https://www.frontleaf.com/,14-Jan,"z-insights.support@zuora.com
info@frontleaf.com
hello@frontleaf.com
security@zuora.com
support@frontleaf.com",Actionable Insights To Reduce Customer Churn In The Subscription Economy.
Mohound,,14-Jan,,App Marketing Platform With ROI Analysis And Integrated Big-Data Analysis For Automated Decision Making.
PathDrugomics,http://www.pathdrugomics.com/,14-Jan,,Simulation Testing And Predictive Analytics PaaS For Early Stage Medical And Chemical Research.
Peer.im,,14-Jan,,Enterprise Messenger For Your Team And Your Customers.
Placements,http://placementsapp.com/,14-Jan,"legal@placements.io
edwin@placements.io",Painless Premium Ad Platform For Publishers.
rENIAC,http://www.reniac.com/,14-Jan,info@reniac.com,Solve Customer’s Need For Real-Time Analytics (FAST BIG DATA) By Moving Their Current Batch Processing To Real-Time Online Processing.
Sense.ly,http://sense.ly/,14-Jan,,Patient-frendly Tool That Helps Clinicians Better Manage Their Chronically Ill Patients.
Upshot,,14-Jan,,The Only Mobile Reporting App That Allows You To *Create* New Reports On Your Mobile Device.
Airpost,http://www.airpost.io/,13-Sep,,Cloud Security Management
BrightFunnel,http://www.brightfunnel.com/,13-Sep,"privacy@brightfunnel.com
support@brightfunnel.com
sales@brightfunnel.com
marketing@brightfunnel.com",“Splunk for CMOs” – Revenue Insights Across Marketing & CRM Data.
Discover.ly,http://discover.ly/,13-Sep,team@discover.ly,A Tool to Discover Opportunities in Your Connections Both Personal and Professional.
MXD 3D,http://mixeddimensions.com/,13-Sep,,Developing a Cross-Platform Modeling Tool for 3D Printing.
NextInput,http://www.nextinput.com/,13-Sep,"sales@nextinput.com
hr@nextinput.com
bueckeburg@spezial.com
investors@nextinput.com
sameer.bidichandani@nextinput.com
sales@meridiantech.com
pr@nextinput.com
info@spectrumfr-design.com
sales@edom.com.tw",3D Touch Technology for Next-Generation User Interfaces.
Omnistream,http://omnistream.co,13-Sep,,Mobile CRM for Luxury Retailers in China.
Skurun,http://skurun.com/,13-Sep,,Monetize Retail Surfaces.  Ad Exchange Connecting Advertisers with Retail Surfaces.  Leverages Mobile and Realtime Bidding.
Synata,http://synata.com,13-Sep,,World’s First Enterprise Cloud Search Engine.
Group Tie,,13-May,,Creating Group Relationship Management (GRM) to Help Enterprises Manage Large External Networks of People.
HealthCrowd,http://www.healthcrowd.com/,13-May,,Mobile Salesforce.com for Healthcare.
MindHelix,,13-May,,GPS-Based Mobile Security Application Helping Individuals Institutions and Governments Prevent Crime and Ensure Persistent Safety.
PlayVox,http://www.playvox.com/,13-May,"privacy@playvox.com
support@playvox.com
sales@playvox.com",Gamification Platform for Call Centers. Learning Coaching and Performance Platform Designed to Manage and Motivate People at Call Centers.
Relink,http://relink.no/,13-May,,Mobile Contact Management Solution
Seva Coffee,http://www.sevacoffee.com/,13-May,,Personalized Coffee – Hardware and Cloud Software Solution to Disrupt the Global $100B/yr Coffee Market and Create a New Consumer Coffee Drinking Experience Where Every Cup of Coffee is Personalized to Every Consumer. The Best Cup of Coffee Created by You to Your Taste.
Wise.io,http://about.wise.io/,13-May,,Machine Intelligence Solutions for Big Data Enterprise.
Chronon Systems,http://chrononsystems.com/,Mar-13,,"Flight Data Recorder Technology that Captures the Entire Execution of JVM and Replaces the Need for Traditional Log Files."""
Eduora,,13-Mar,,"Learning Management System Focused First on the End-User: Unifying Disparate Campus Applications in One Interface Building Enterprise-Class University Products that Users Love."""
MightyHive,http://mightyhive.com/,Mar-13,"questions@mightyhive.com
apacsales@mightyhive.com
emeasales@mightyhive.com
customersuccess@mightyhive.com
privacy@mightyhive.com
pr@mightyhive.com",Consumer Marketing Automation – Automates Optimizes and Measures Advertising Cross-Channel Using Data that is Only Available to an Enterprise Class Application.
Purple,https://i.likepurple.com/,Mar-13,"sales@likepurple.com
support@likepurple.com
demo@likepurple.com",Mobile Customer Engagement Platform that Enables Businesses to Acquire and Engage Customers by Leveraging Apple’s Passbook and Other Upcoming Mobile Wallets.
Sourcery,https://getsourcery.com/,Mar-13,"jobs@sourcery.us
invoices@getsourcery.com
onboarding@getsourcery.com",Simplifying Sourcing and Ordering for Food Businesses. We Are Replacing Legacy Enterprise Software Systems with User-Friendly Cloud-Based and Mobile Applications Bringing the Food Industry into the 21st Century.
Stratio,http://www.stratiotechnology.com/,Mar-13,,First Portable Infrared Sensors at >1000x Lower Cost >6 Orders of Magnitude Lower Power and >4x Higher Resolution than Current Technology Enabling Personal Health Monitoring in Smartphones.
Tylr,http://www.tylrmobile.com/,Mar-13,,Enterprise-Ready Mobile Work Platform Connecting Familiar Tools Like Email With Relevant Data and Processes in Your Business.
Zipongo,http://www.zipongo.com/,Mar-13,,Payors Subscribe Members for Personalized Meal Plans Savings on Healthy Groceries and Rewards for Buying ‘GO’ Foods.
ActiveScaler,http://activescaler.com/,,,"Provides A Real-Time Secure and Scalable Connected Car Platform & API for Developers to Build Amazing Applications."""
Cambrian Genomics,http://cambriangenomics.com/,,,"DNA Laser Printer for Genome (Life) Synthesis."""
Connect Bright,,,,Advocacy Empowerment Platform for B2B Service Providers.
Jy Mob,http://jymob.com/,,support@jymob.com,Platform to Choose the Best People for Your Jobs.
MobileSpan,http://www.mobilespan.com/,,,Drop-In BYO Platform for Enterprises.
Selligy,,,,Mobile Service Helping Salespeople with their Primary Activity – Sales Meetings.
Send Task,http://getsendtask.com/,,,Next Gen Enterprise Task Management.
Social Pandas,http://www.socialpandas.com/,,,Social Selling Platform – Find & Close Sales Deals Faster via Social Networks.
Xockets,http://xockets.com/,,,Licenses Software and Hardware Designs Producing Scalable Faster and Future-Proof Data Centers for Machine Learning and Analytics.
